1458414003;407.299
1458414005;407.299
1458414007;407.28
1458414011;407.28
1458414013;407.28
1458414015;407.28
1458414017;407.28
1458414021;407.28
1458414023;407.28
1458414025;407.28
1458414029;407.28
1458414031;407.28
1458414035;407.28
1458414037;407.28
1458414039;407.28
1458414043;407.278
1458414045;407.278
1458414047;407.278
1458414049;407.278
1458414053;407.278
1458414055;407.278
1458414057;407.278
1458414061;407.278
1458414063;407.278
1458414065;407.278
1458414067;407.278
1458414071;407.278
1458414073;407.278
1458414075;407.278
1458414079;407.278
1458414081;407.278
1458414083;407.278
1458414087;407.278
1458414089;407.278
1458414091;407.278
1458414093;407.278
1458414097;407.141
1458414099;407.092
1458414101;407.092
1458414105;407.092
1458414107;407.092
1458414109;407.092
1458414111;407.092
1458414115;408
1458414117;408
1458414119;408
1458414121;408
1458414125;408
1458414129;408
1458414131;408
1458414133;408
1458414137;408
1458414139;408
1458414141;408
1458414145;408
1458414147;408
1458414150;408
1458414152;408
1458414156;408
1458414158;408
1458414160;408
1458414164;408
1458414166;408
1458414172;408
1458414174;408
1458414176;408
1458414178;408
1458414182;408
1458414184;408
1458414186;408
1458414188;408
1458414192;407.999
1458414194;407.999
1458414196;407.999
1458414198;407.999
1458414202;407.999
1458414204;407.999
1458414206;407.999
1458414208;407.999
1458414212;407.999
1458414214;407.999
1458414216;407.999
1458414218;407.999
1458414222;407.999
1458414224;407.999
1458414226;407.999
1458414228;407.999
1458414232;407.999
1458414234;407.999
1458414236;408.445
1458414238;408.445
1458414242;408.445
1458414244;408.445
1458414246;408.445
1458414248;408.445
1458414252;408.445
1458414254;408.445
1458414258;408.445
1458414260;408.445
1458414262;408.445
1458414264;407.746
1458414268;407.746
1458414270;407.746
1458414272;407.746
1458414276;407.785
1458414278;407.785
1458414280;407.785
1458414284;407.785
1458414286;407.785
1458414288;407.785
1458414292;408.569
1458414294;408.569
1458414296;408.569
1458414298;408.569
1458414302;407.793
1458414304;407.793
1458414306;407.793
1458414308;407.793
1458414310;408.567
1458414314;408.567
1458414316;408.567
1458414318;408.567
1458414322;408.567
1458414324;408.567
1458414326;408.567
1458414330;408.567
1458414332;408.567
1458414334;408.567
1458414336;408.567
1458414338;408.567
1458414342;408.567
1458414344;408.567
1458414346;408.567
1458414348;408.567
1458414352;408.567
1458414354;408.567
1458414356;408.567
1458414358;408.567
1458414360;408.567
1458414364;408.567
1458414366;408.567
1458414368;408.567
1458414370;408.567
1458414372;408.567
1458414376;408.567
1458414378;408.567
1458414380;408.567
1458414382;408.567
1458414386;408.567
1458414388;408.567
1458414390;408.567
1458414392;408.567
1458414396;408.567
1458414398;408.567
1458414400;408.567
1458414402;408.567
1458414406;408.567
1458414408;408.567
1458414410;408.567
1458414412;408.569
1458414416;408.569
1458414418;408.569
1458414420;408.569
1458414424;408.569
1458414426;408.569
1458414428;408.569
1458414430;408.569
1458414434;408.569
1458414436;408.569
1458414438;408.569
1458414440;408.569
1458414444;408.569
1458414446;408.569
1458414448;408.569
1458414450;408.569
1458414454;408.569
1458414456;408.569
1458414458;408.569
1458414460;408.569
1458414464;408.569
1458414466;408.569
1458414468;408.569
1458414470;408.569
1458414474;408.177
1458414476;408.177
1458414478;408.177
1458414480;408.177
1458414484;408.177
1458414486;408.177
1458414488;408.177
1458414492;408.177
1458414494;408.177
1458414496;408.177
1458414498;408.177
1458414502;408.177
1458414504;408.177
1458414506;408.177
1458414510;408.177
1458414512;408.177
1458414514;408.177
1458414516;408.177
1458414520;408.177
1458414522;408.177
1458414524;408.177
1458414528;408.177
1458414530;408.177
1458414532;408.177
1458414536;408.177
1458414538;408.177
1458414540;408.177
1458414542;408.177
1458414546;408.349
1458414548;408.349
1458414550;408.349
1458414554;408.349
1458414556;408.349
1458414558;408.349
1458414560;408.349
1458414564;408.55
1458414566;408.55
1458414568;408.55
1458414570;408.55
1458414574;408.55
1458414576;408.55
1458414578;408.55
1458414582;408.55
1458414584;408.55
1458414586;408.55
1458414590;408.569
1458414592;408.569
1458414594;408.569
1458414598;408.569
1458414600;408.569
1458414602;408.569
1458414604;408.569
1458414606;408.569
1458414610;408.569
1458414612;408.569
1458414614;408.569
1458414618;408.569
1458414620;408.569
1458414622;408.569
1458414624;408.569
1458414628;408.569
1458414630;408.569
1458414632;408.569
1458414636;408.569
1458414638;408.569
1458414640;408.569
1458414642;408.569
1458414646;408.569
1458414648;408.569
1458414650;408.569
1458414654;408.569
1458414656;408.569
1458414658;408.569
1458414660;408.569
1458414662;408.569
1458414666;408.569
1458414668;408.569
1458414670;408.569
1458414672;408.569
1458414676;408.569
1458414678;408.569
1458414680;408.569
1458414684;408.351
1458414686;408.351
1458414688;408.351
1458414690;408.351
1458414694;408.482
1458414696;408.482
1458414698;408.482
1458414700;408.482
1458414704;408.482
1458414706;408.482
1458414708;408.482
1458414712;408.482
1458414714;408.482
1458414716;408.482
1458414720;408.482
1458414722;408.482
1458414724;408.569
1458414728;408.569
1458414730;408.569
1458414732;408.569
1458414734;408.569
1458414738;408.569
1458414740;408.569
1458414744;408.569
1458414746;408.569
1458414748;408.569
1458414752;408.569
1458414754;408.569
1458414756;408.569
1458414758;408.569
1458414762;408.569
1458414764;408.569
1458414766;408.569
1458414768;408.569
1458414772;408.569
1458414774;408.569
1458414776;408.569
1458414780;408.569
1458414782;408.569
1458414784;408.569
1458414786;408.569
1458414790;408.569
1458414792;408.569
1458414794;408.569
1458414796;408.569
1458414800;408.569
1458414802;408.569
1458414804;408.569
1458414806;408.569
1458414810;408.569
1458414812;408.569
1458414814;408.569
1458414818;408.569
1458414820;408.569
1458414822;408.569
1458414824;408.569
1458414829;408.569
1458414831;408.569
1458414833;408.569
1458414835;408.569
1458414839;408.569
1458414841;408.569
1458414843;408.569
1458414847;408.569
1458414849;408.569
1458414851;408.569
1458414853;408.569
1458414857;408.569
1458414859;408.569
1458414861;408.569
1458414863;408.569
1458414867;408.569
1458414869;408.569
1458414871;408.569
1458414875;408.569
1458414877;408.569
1458414879;408.569
1458414883;408.569
1458414885;408.569
1458414887;408.569
1458414889;408.507
1458414893;408.507
1458414895;408.507
1458414897;408.507
1458414899;408.507
1458414903;408.507
1458414909;408.569
1458414911;408.569
1458414913;408.569
1458414915;408.569
1458414919;408.569
1458414921;408.569
1458414923;408.569
1458414925;408.569
1458414929;408.569
1458414931;408.569
1458414933;408.569
1458414937;408.569
1458414939;408.569
1458414941;408.569
1458414945;408.569
1458414947;408.569
1458414949;408.569
1458414953;408.569
1458414955;408.569
1458414957;408.569
1458414961;408.569
1458414963;408.569
1458414965;408.569
1458414967;408.569
1458414971;408.569
1458414973;408.569
1458414975;408.569
1458414977;408.569
1458414979;408.569
1458414983;408.553
1458414985;408.553
1458414987;408.553
1458414989;408.553
1458414993;408.553
1458414995;408.553
1458414997;408.553
1458415001;408.553
1458415003;408.553
1458415005;408.553
1458415007;408.553
1458415011;408.553
1458415013;408.553
1458415015;408.553
1458415017;408.553
1458415021;408.553
1458415023;408.553
1458415025;408.553
1458415027;408.553
1458415031;408.553
1458415033;408.553
1458415035;408.553
1458415037;408.553
1458415041;408.553
1458415043;408.553
1458415045;408.553
1458415047;408.553
1458415051;408.553
1458415053;408.553
1458415055;408.553
1458415057;408.553
1458415061;408.553
1458415063;408.553
1458415065;408.553
1458415067;408.553
1458415071;408.553
1458415073;408.553
1458415075;408.553
1458415079;408.553
1458415081;408.553
1458415083;408.553
1458415085;408.553
1458415087;408.039
1458415091;408.039
1458415093;408.039
1458415095;408.039
1458415097;408.039
1458415101;408.039
1458415103;408.039
1458415105;408.039
1458415109;408.039
1458415111;408.039
1458415113;408.039
1458415117;408.039
1458415119;408.039
1458415121;408.039
1458415123;408.039
1458415127;408.039
1458415129;408.039
1458415131;408.039
1458415133;408.039
1458415137;408.039
1458415139;408.039
1458415141;408.039
1458415145;408.039
1458415147;408.039
1458415149;408.039
1458415153;408.039
1458415157;408.039
1458415159;408.039
1458415161;408.039
1458415163;408.039
1458415167;408.039
1458415169;408.039
1458415171;408.039
1458415173;408.039
1458415177;408.039
1458415179;408.039
1458415181;408.039
1458415183;408.039
1458415187;408.039
1458415189;408.039
1458415191;408.039
1458415193;408.039
1458415197;408.039
1458415199;408.039
1458415201;408.039
1458415203;408.039
1458415207;408.039
1458415209;408.039
1458415211;408.039
1458415213;408.039
1458415217;408.039
1458415219;408.039
1458415221;408.039
1458415225;408.039
1458415227;408.039
1458415229;408.039
1458415233;408.039
1458415235;408.039
1458415237;408.039
1458415239;408.039
1458415243;408.039
1458415245;408.039
1458415247;408.039
1458415251;408.039
1458415253;408.039
1458415257;407.997
1458415259;407.997
1458415261;407.997
1458415263;407.997
1458415267;407.997
1458415269;407.997
1458415271;407.997
1458415273;407.997
1458415277;407.997
1458415279;407.997
1458415281;407.997
1458415283;407.997
1458415285;407.997
1458415289;407.997
1458415291;407.997
1458415293;407.997
1458415295;407.997
1458415299;407.997
1458415301;407.997
1458415303;407.997
1458415305;407.997
1458415307;407.997
1458415311;407.997
1458415313;407.997
1458415315;407.997
1458415317;407.997
1458415321;407.997
1458415323;407.997
1458415325;407.997
1458415329;407.997
1458415331;407.997
1458415333;407.997
1458415337;407.997
1458415339;407.997
1458415341;407.997
1458415343;407.997
1458415347;407.997
1458415349;407.997
1458415351;407.997
1458415355;407.997
1458415357;407.997
1458415359;407.997
1458415361;407.997
1458415365;407.997
1458415367;407.997
1458415369;407.997
1458415373;407.997
1458415377;407.997
1458415381;407.997
1458415383;407.997
1458415385;407.997
1458415387;407.997
1458415391;407.997
1458415393;407.997
1458415395;407.997
1458415399;407.997
1458415401;407.997
1458415403;407.996
1458415405;407.996
1458415409;407.996
1458415411;407.996
1458415413;407.996
1458415417;407.996
1458415419;407.996
1458415421;407.996
1458415423;407.996
1458415427;407.996
1458415429;407.996
1458415431;407.996
1458415433;407.996
1458415437;407.996
1458415439;407.997
1458415441;407.997
1458415445;407.992
1458415447;407.992
1458415449;407.992
1458415451;407.992
1458415455;407.992
1458415459;407.992
1458415461;407.992
1458415463;407.992
1458415465;407.992
1458415467;407.992
1458415471;407.992
1458415473;407.992
1458415475;407.992
1458415479;407.992
1458415481;407.992
1458415483;407.997
1458415487;407.65
1458415489;407.65
1458415491;407.65
1458415493;407.65
1458415497;407.997
1458415499;407.997
1458415501;407.997
1458415503;407.997
1458415507;407.997
1458415509;407.997
1458415511;407.997
1458415513;407.997
1458415515;407.997
1458415519;407.604
1458415522;407.604
1458415524;407.604
1458415526;407.604
1458415530;407.604
1458415532;407.604
1458415534;407.604
1458415538;407.604
1458415540;407.604
1458415542;407.604
1458415544;407.604
1458415548;407.604
1458415550;407.489
1458415552;407.489
1458415556;407.489
1458415558;407.489
1458415560;407.489
1458415564;407.439
1458415566;407.439
1458415568;407.439
1458415572;407.439
1458415574;407.439
1458415576;407.439
1458415578;407.439
1458415582;407.439
1458415584;407.439
1458415586;407.439
1458415588;407.439
1458415592;407.439
1458415594;407.439
1458415596;407.439
1458415598;407.439
1458415602;407.439
1458415604;407.439
1458415606;407.439
1458415608;407.439
1458415612;407.439
1458415614;407.439
1458415616;407.439
1458415620;407.439
1458415622;407.439
1458415624;407.439
1458415626;407.439
1458415628;407.439
1458415632;407.439
1458415634;407.439
1458415636;407.44
1458415638;407.44
1458415642;407.44
1458415644;407.44
1458415646;407.44
1458415648;407.44
1458415652;407.44
1458415654;407.44
1458415656;407.44
1458415658;407.44
1458415662;407.44
1458415664;407.44
1458415666;407.44
1458415668;407.44
1458415672;407.44
1458415674;407.44
1458415676;407.44
1458415678;407.44
1458415680;407.44
1458415684;407.44
1458415686;407
1458415688;407
1458415690;407
1458415694;407
1458415696;407
1458415698;407
1458415700;407
1458415704;407
1458415706;407
1458415708;407
1458415710;407
1458415714;407
1458415716;407
1458415718;407
1458415720;407
1458415724;407
1458415726;407
1458415728;407
1458415730;407
1458415734;407
1458415736;407
1458415738;407
1458415740;407
1458415742;407
1458415746;407
1458415748;407
1458415750;407
1458415752;407
1458415756;407
1458415758;407
1458415760;407.576
1458415762;407.576
1458415766;407.575
1458415768;407.575
1458415770;407.575
1458415772;407.575
1458415774;407.575
1458415778;407.575
1458415780;407.575
1458415782;407.575
1458415784;407.575
1458415788;407.575
1458415790;407.575
1458415792;407.575
1458415794;407.575
1458415796;407.575
1458415800;407.575
1458415802;407.575
1458415804;407.575
1458415806;407.575
1458415810;407.575
1458415812;407.574
1458415814;407.574
1458415816;407.574
1458415820;407.574
1458415822;407.574
1458415824;407.576
1458415826;407.576
1458415830;407.576
1458415832;407.576
1458415834;407.576
1458415836;407.576
1458415840;407.576
1458415842;407.576
1458415844;407.576
1458415846;407.576
1458415848;407.576
1458415852;407.576
1458415854;407.576
1458415856;407.576
1458415858;407.576
1458415862;407.576
1458415864;407.576
1458415866;407.576
1458415868;407.576
1458415872;407.576
1458415874;407.576
1458415876;407.576
1458415878;407.576
1458415880;407.576
1458415884;407.576
1458415886;407.576
1458415888;407.576
1458415890;407.574
1458415894;407.574
1458415896;407.574
1458415898;407.574
1458415900;407.574
1458415904;407.574
1458415906;407.574
1458415908;407.574
1458415910;407.574
1458415914;407.574
1458415916;407.574
1458415918;407.574
1458415922;407.574
1458415924;407.574
1458415926;407.574
1458415928;407.574
1458415930;407.574
1458415934;407.574
1458415936;407.574
1458415938;407.574
1458415940;407.574
1458415944;407.574
1458415946;407.574
1458415948;407.574
1458415950;407.574
1458415954;407.574
1458415956;407.574
1458415958;407.574
1458415962;407.574
1458415964;407.574
1458415968;407.574
1458415970;407.574
1458415972;407.574
1458415976;407.574
1458415978;407.574
1458415980;407.574
1458415982;407.574
1458415986;407.574
1458415988;407.574
1458415990;407.574
1458415992;407.574
1458415996;407.574
1458415998;407.574
1458416000;407.574
1458416002;407.574
1458416006;407.574
1458416008;407.574
1458416010;407.567
1458416014;407.567
1458416016;407.567
1458416018;407.567
1458416020;407.567
1458416024;407.574
1458416026;407.574
1458416028;407.574
1458416032;407.574
1458416034;407.574
1458416036;407.574
1458416040;407.574
1458416042;407.574
1458416044;407.574
1458416046;407.574
1458416050;407.574
1458416052;407.574
1458416054;407.574
1458416056;407.567
1458416060;407.567
1458416062;407.567
1458416064;407.567
1458416066;407.567
1458416070;407.567
1458416072;407.567
1458416074;407.567
1458416076;407.567
1458416080;407.567
1458416082;407.567
1458416084;407.567
1458416086;407.567
1458416090;407.567
1458416092;407.567
1458416094;407.567
1458416096;407.567
1458416098;407.567
1458416102;407.567
1458416104;407.567
1458416106;407.567
1458416108;407.567
1458416112;407.567
1458416114;407.567
1458416116;407.567
1458416118;407.567
1458416122;407.567
1458416124;407.567
1458416126;407.567
1458416128;407.567
1458416132;407.567
1458416134;407.567
1458416136;407.567
1458416138;407.567
1458416142;407.567
1458416144;407.567
1458416146;407.567
1458416150;407.567
1458416152;407.567
1458416154;407.567
1458416156;407.567
1458416158;407.567
1458416162;407.567
1458416164;407.567
1458416166;407.567
1458416168;407.567
1458416172;407.567
1458416174;407.567
1458416176;407.567
1458416178;407.567
1458416180;407.567
1458416184;407.567
1458416186;407.567
1458416188;407.567
1458416193;407.567
1458416195;407.567
1458416197;407.567
1458416199;407.567
1458416203;407.567
1458416205;407.567
1458416207;407.567
1458416209;407.567
1458416213;407.567
1458416215;407.567
1458416217;407.567
1458416221;407.567
1458416223;407.567
1458416227;407.567
1458416229;407.567
1458416237;407.574
1458416241;407.574
1458416243;407.574
1458416245;407.574
1458416247;407.574
1458416251;407.574
1458416253;407.574
1458416255;407.574
1458416257;407.574
1458416261;407.574
1458416263;406.579
1458416265;406.579
1458416267;406.579
1458416271;406.579
1458416273;406.579
1458416275;406.579
1458416277;406.579
1458416281;406.579
1458416283;406.579
1458416285;406.579
1458416287;406.579
1458416291;406.579
1458416293;406.579
1458416295;406.579
1458416297;406.579
1458416301;407.279
1458416303;407.279
1458416305;407.279
1458416307;407.279
1458416311;407.279
1458416313;407.279
1458416315;407.279
1458416317;407.279
1458416321;407.279
1458416323;407.279
1458416325;407.279
1458416327;407.279
1458416329;407.279
1458416333;407.279
1458416335;407.279
1458416337;407.279
1458416341;407.279
1458416343;407.243
1458416345;407.243
1458416347;407.132
1458416351;407.132
1458416353;407.132
1458416355;407.132
1458416357;407.132
1458416361;407.132
1458416363;407.243
1458416365;407.243
1458416367;407.243
1458416371;407.243
1458416373;407.243
1458416375;407.243
1458416379;407.243
1458416381;407.243
1458416383;407.224
1458416385;407.224
1458416387;407.224
1458416391;407.224
1458416393;407.224
1458416395;407.222
1458416399;407.222
1458416403;407.222
1458416405;407.222
1458416407;407.222
1458416413;407.221
1458416415;407.221
1458416417;407.221
1458416421;407.221
1458416423;407.221
1458416425;407.221
1458416429;407.221
1458416431;407.221
1458416433;407.221
1458416435;407.22
1458416439;407.22
1458416441;407.22
1458416443;407.574
1458416447;407.574
1458416449;407.574
1458416451;407.574
1458416453;407.574
1458416457;407.574
1458416459;407.574
1458416461;407.217
1458416463;407.217
1458416467;407.217
1458416469;407.217
1458416471;407.217
1458416473;407.217
1458416475;407.217
1458416479;407.217
1458416481;407.217
1458416483;407.217
1458416487;407.217
1458416489;407.217
1458416491;407.217
1458416493;407.217
1458416495;407.217
1458416499;407.216
1458416501;407.216
1458416503;407.216
1458416507;407.216
1458416509;407.215
1458416511;407.215
1458416513;407.215
1458416517;407.215
1458416519;407.215
1458416521;407.215
1458416523;407.215
1458416527;407.215
1458416529;407.215
1458416531;407.215
1458416535;407.215
1458416537;407.188
1458416539;407.188
1458416541;407.188
1458416545;407.188
1458416547;407.188
1458416549;407.188
1458416551;407.209
1458416553;407.209
1458416557;407.209
1458416559;407.209
1458416561;407.209
1458416565;407.209
1458416567;407.209
1458416569;407.209
1458416573;407.076
1458416575;407.076
1458416577;407.076
1458416581;407.019
1458416583;407.019
1458416585;407.02
1458416587;407.019
1458416591;407.019
1458416593;407.019
1458416595;407.019
1458416599;407.019
1458416601;407.019
1458416603;407.019
1458416607;407.019
1458416609;407.019
1458416611;407.02
1458416615;407.02
1458416619;407.02
1458416621;407.02
1458416623;407.02
1458416627;407.21
1458416629;407.218
1458416633;407.218
1458416635;407.218
1458416637;407.218
1458416641;407.218
1458416643;407.218
1458416645;407.218
1458416649;407.5
1458416651;407.5
1458416653;407.5
1458416655;407.5
1458416659;407.5
1458416665;407.5
1458416667;407.5
1458416669;407.5
1458416671;407.5
1458416675;407.111
1458416677;407.111
1458416681;407.576
1458416683;407.576
1458416685;407.576
1458416689;407.576
1458416691;407.576
1458416693;407.472
1458416695;407.472
1458416699;407.472
1458416701;407.472
1458416703;407.472
1458416705;407.472
1458416709;407.266
1458416711;407.266
1458416713;407.266
1458416717;407.576
1458416719;407.576
1458416721;407.542
1458416723;407.542
1458416727;407.542
1458416729;407.542
1458416731;407.542
1458416733;407.542
1458416737;407.576
1458416739;407.576
1458416741;407.576
1458416743;407.576
1458416747;407.576
1458416749;407.576
1458416751;407.576
1458416755;407.576
1458416757;407.576
1458416759;407.576
1458416761;407.576
1458416765;407.576
1458416767;407.576
1458416769;407.576
1458416771;407.576
1458416775;407.576
1458416777;407.576
1458416779;407.576
1458416783;407.966
1458416785;407.966
1458416787;407.966
1458416789;407.966
1458416793;407.6
1458416795;407.6
1458416797;407.355
1458416799;407.355
1458416801;407.355
1458416805;407.355
1458416807;407.355
1458416809;407.355
1458416811;407.355
1458416815;407.28
1458416817;407.28
1458416819;407.274
1458416821;407.273
1458416825;407.273
1458416827;407.273
1458416829;407.273
1458416831;407.273
1458416835;407.273
1458416837;407.273
1458416839;407.269
1458416843;407.269
1458416845;407.269
1458416847;407.269
1458416849;407.269
1458416853;407.196
1458416855;407.167
1458416857;407.167
1458416859;407.1
1458416861;407.1
1458416865;407.001
1458416867;407.001
1458416869;407.001
1458416872;407.001
1458416876;407.1
1458416878;407.1
1458416880;407.1
1458416882;407.1
1458416886;407.1
1458416888;407.1
1458416890;407.1
1458416894;407.1
1458416896;407.269
1458416898;407.269
1458416902;407.269
1458416904;407.18
1458416906;407.18
1458416908;407.18
1458416912;407.1
1458416914;407.1
1458416916;407.1
1458416920;407.1
1458416922;407.1
1458416924;407.1
1458416926;407.1
1458416930;407.1
1458416932;407.1
1458416934;407.1
1458416936;407.1
1458416940;407.1
1458416942;407.1
1458416944;407.1
1458416948;407.1
1458416950;407.1
1458416954;407.1
1458416956;407.1
1458416962;407.1
1458416964;407.1
1458416966;407.269
1458416970;407.269
1458416972;407.269
1458416974;407.269
1458416976;407.269
1458416980;407.273
1458416982;407.273
1458416986;407.213
1458416990;407.213
1458416992;407.213
1458416994;407.213
1458416996;407.213
1458416998;407.213
1458417002;407.213
1458417004;407.213
1458417006;407.213
1458417010;407.273
1458417012;407.273
1458417014;407.273
1458417016;407.273
1458417020;407.273
1458417022;407.273
1458417024;407.225
1458417026;407.225
1458417030;407.225
1458417032;407.225
1458417034;407.225
1458417036;407.185
1458417040;407.185
1458417042;407.185
1458417044;407.273
1458417048;407.473
1458417052;407.996
1458417054;407.996
1458417056;407.996
1458417058;407.274
1458417062;407.273
1458417064;407.273
1458417066;408.569
1458417068;408.569
1458417072;408.569
1458417074;408.569
1458417076;408.569
1458417078;408.4
1458417082;408.4
1458417084;408.4
1458417086;408.4
1458417088;408.4
1458417092;408.3
1458417094;408.3
1458417096;408.3
1458417098;408.3
1458417102;408.3
1458417104;408.3
1458417106;408.3
1458417110;408.3
1458417112;408.3
1458417114;408.3
1458417118;408.324
1458417120;408.324
1458417122;408.201
1458417124;408.201
1458417128;408.201
1458417130;408.324
1458417132;408.479
1458417134;408.479
1458417138;408.479
1458417140;408.5
1458417142;408.5
1458417146;408.5
1458417148;408.5
1458417150;408.3
1458417152;408.401
1458417156;408.2
1458417158;408.2
1458417160;408.2
1458417164;408.201
1458417166;408.201
1458417168;408.201
1458417170;408.201
1458417174;408.201
1458417176;408.201
1458417178;408.201
1458417180;408.201
1458417184;408.201
1458417186;408.201
1458417188;408.201
1458417190;408.201
1458417194;408.201
1458417196;408.201
1458417198;408.201
1458417200;408.201
1458417202;408.201
1458417206;408.201
1458417208;408
1458417210;408
1458417212;408
1458417216;408
1458417218;408
1458417220;408
1458417224;408
1458417226;408
1458417228;408
1458417230;408
1458417234;408
1458417236;408
1458417238;408
1458417240;408
1458417242;408
1458417246;408.264
1458417248;408.264
1458417250;408.264
1458417252;408.264
1458417256;408.297
1458417258;408.297
1458417260;408.297
1458417262;408.297
1458417264;408.297
1458417268;408.297
1458417270;408.297
1458417272;408.297
1458417274;408.569
1458417278;408.569
1458417280;408.296
1458417282;408.296
1458417286;408.296
1458417288;408.296
1458417290;408.296
1458417292;408.296
1458417294;408.296
1458417298;408.296
1458417300;408.296
1458417302;408.296
1458417304;408.296
1458417306;408.296
1458417310;408.296
1458417312;408.296
1458417314;408.296
1458417318;408.296
1458417320;408.296
1458417322;408.296
1458417324;408.296
1458417328;408.296
1458417330;408.296
1458417332;408.296
1458417334;408.296
1458417338;408.296
1458417340;408.296
1458417342;408.296
1458417346;408.296
1458417348;408.296
1458417350;408.296
1458417352;408.296
1458417356;408.477
1458417358;408.477
1458417360;408.296
1458417362;408.296
1458417366;408.296
1458417368;408.296
1458417370;408.296
1458417372;408.296
1458417376;408.296
1458417378;408.296
1458417380;408.296
1458417384;408.296
1458417386;408.296
1458417388;408.296
1458417390;408.296
1458417396;408.296
1458417398;408.296
1458417400;408.296
1458417404;408.296
1458417406;408.296
1458417410;408.297
1458417412;408.297
1458417414;408.297
1458417416;408.296
1458417420;408.296
1458417422;408.296
1458417424;408.296
1458417426;408.296
1458417428;408.296
1458417432;408.296
1458417434;408.296
1458417436;408.296
1458417438;408.296
1458417442;408.297
1458417444;408.297
1458417446;408.297
1458417448;408.297
1458417452;408.297
1458417454;408.297
1458417456;408.297
1458417458;408.297
1458417462;408.297
1458417464;408.297
1458417466;408.297
1458417468;408.297
1458417472;408.297
1458417474;408.297
1458417476;408.297
1458417478;408.297
1458417482;408.297
1458417484;408.297
1458417486;408.297
1458417490;408.297
1458417492;408.297
1458417494;408.297
1458417496;408.297
1458417500;408.297
1458417502;408.297
1458417504;408.297
1458417506;408.297
1458417510;408.297
1458417512;408.297
1458417514;408.297
1458417516;408.297
1458417520;408.297
1458417522;408.297
1458417525;408.297
1458417527;408.297
1458417531;408.297
1458417533;408.297
1458417535;408.297
1458417537;408.297
1458417539;408.297
1458417543;408.297
1458417545;408.297
1458417547;408.297
1458417549;408.796
1458417553;408.796
1458417555;408.296
1458417557;408.296
1458417559;408.296
1458417563;408.296
1458417565;408.296
1458417567;408.296
1458417569;408.296
1458417571;408.296
1458417575;408.296
1458417577;408.296
1458417579;408.296
1458417581;408.296
1458417585;408.296
1458417587;408.296
1458417589;408.296
1458417591;408.296
1458417593;408.296
1458417597;408.296
1458417599;408.296
